{
  "skins": [
	{
      "localization_name": "siraga_iti",
      "geometry": "geometry.HolidaySkinPack2015.Tomte",
      "texture": "skin1.png",
      "cape": "cape1.png",
      "type": "free"
    },
	{
      "localization_name": "ganyu",
      "geometry": "geometry.ChineseMythology.DragonMotherGoddessLongmu",
      "texture": "skin2.png",
      "cape": "cape2.png",
      "type": "free"
    },
	{
      "localization_name": "mafumafu",
      "geometry": "geometry.HolidaySkinPack2015.Tomte",
      "texture": "skin3.png",
      "cape": "cape3.png",
      "type": "free"
    },
	{
      "localization_name": "soraru",
      "geometry": "geometry.HolidaySkinPack2015.Tomte",
      "texture": "skin4.png",
      "cape": "cape4.png",
      "type": "free"
    },
	{
      "localization_name": "itijyouharuhiko",
      "geometry": "geometry.NorseMythology.Ratatoskr",
      "texture": "skin5.png",
      "cape": "cape5.png",
      "type": "free"
    },
	{
      "localization_name": "jyuuzou",
      "geometry": "geometry.NorseMythology.Ratatoskr",
      "texture": "skin6.png",
      "cape": "cape6.png",
      "type": "free"
    },
	{
      "localization_name": "kurona&sirona",
      "geometry": "geometry.NorseMythology.Ratatoskr",
      "texture": "skin7.png",
      "cape": "cape7.png",
      "type": "free"
    },
	{
      "localization_name": "tennsi_ao",
      "geometry": "geometry.HolidaySkinPack2015.Tomte",
      "texture": "skin8.png",
      "cape": "cape8.png",
      "type": "free"
    },
	{
      "localization_name": "tennsi_orennji",
      "geometry": "geometry.NorseMythology.Sol",
      "texture": "skin9.png",
      "cape": "cape9.png",
      "animations": {
        "move.arms": "animation.player.move.arms.zombie"
      },
      "type": "free"
    },
	{
      "localization_name": "kaworu_tatakai",
      "geometry": "geometry.ChineseMythology.SouthernSymbolVermillionBird",
      "texture": "skin10.png",
      "cape": "cape10.png",
      "type": "free"
    },
	{
      "localization_name": "kaworu_orijinaru",
      "geometry": "geometry.HolidaySkinPack2015.Tomte",
      "texture": "skin11.png",
      "cape": "cape11.png",
      "type": "free"
    },
	{
      "localization_name": "takatuki",
      "geometry": "geometry.MiniGameMasters.WolfTumbler",
      "texture": "skin12.png",
      "cape": "cape12.png",
      "type": "free"
    },
	{
      "localization_name": "canxukun_half_skeleton",
      "geometry": "geometry.MashUpHalloween.AlexAnatomy",
      "texture": "skin13.png",
      "cape": "cape13.png",
      "animations": {
        "move.arms": "animation.player.move.arms.zombie"
      },
      "type": "free"
    },
	{
      "localization_name": "tituka",
      "geometry": "geometry.GreekMythology.Siren",
      "texture": "skin14.png",
      "cape": "cape14.png",
      "type": "free"
    },
	{
      "localization_name": "pajama",
      "geometry": "geometry.GreekMythology.Siren",
      "texture": "skin15.png",
      "cape": "cape15.png",
      "type": "free"
    },
	{
      "localization_name": "ganyu2exe",
      "geometry": "geometry.HolidaySkinPack2015.Tomte",
      "texture": "skin16.png",
      "cape": "cape16.png",
      "type": "free"
    },
	{
      "localization_name": "raiden",
      "geometry": "geometry.ChineseMythology.SouthernSymbolVermillionBird",
      "texture": "skin17.png",
      "cape": "cape17.png",
      "type": "free"
    },
	{
      "localization_name": "kirua",
      "geometry": "geometry.ChineseMythology.SouthernSymbolVermillionBird",
      "texture": "skin18.png",
      "cape": "cape18.png",
      "type": "free"
    },
	{
      "localization_name": "legitfly",
      "geometry": "geometry.FINALFANTASYXVSkinPack.Shiva",
      "texture": "skin19.png",
      "cape": "cape19.png",
      "type": "free"
    },
	{
      "localization_name": "notlegitfly",
      "geometry": "geometry.FINALFANTASYXVSkinPack.Shiva",
      "texture": "skin20.png",
      "cape": "cape20.png",
      "type": "free"
    },
	{
      "localization_name": "kirua_1",
      "geometry": "geometry.ChineseMythology.SouthernSymbolVermillionBird",
      "texture": "skin21.png",
      "cape": "cape21.png",
      "type": "free"
    },
	{
      "localization_name": "kaedehara",
      "geometry": "geometry.GreekMythology.Siren",
      "texture": "skin22.png",
      "cape": "cape22.png",
      "type": "free"
    },
	{
      "localization_name": "kirua_2",
      "geometry": "geometry.ChineseMythology.SouthernSymbolVermillionBird",
      "texture": "skin23.png",
      "cape": "cape23.png",
      "type": "free"
    },
	{
      "localization_name": "azqwqzhendebuzhidaogaizenmeshuoa",
      "geometry": "geometry.GreekMythology.Siren",
      "texture": "skin24.png",
      "cape": "cape24.png",
      "type": "free"
    },
	{
      "localization_name": "dadaliya",
      "geometry": "geometry.GreekMythology.Siren",
      "texture": "skin25.png",
      "cape": "cape25.png",
      "type": "free"
    },	
	{
      "localization_name": "yezijidedongmanxingxianghehemeiqianzhengvtube",
      "geometry": "geometry.HolidaySkinPack2015.Tomte",
      "texture": "skin26.png",
      "cape": "cape26.png",
      "type": "free"
    },
	{
      "localization_name": "ayakaw",
      "geometry": "geometry.ChineseMythology.SouthernSymbolVermillionBird",
      "texture": "skin27.png",
      "cape": "cape27.png",
      "type": "free"
    },
	{
      "localization_name": "sinobimafu",
      "geometry": "geometry.ChineseMythology.SouthernSymbolVermillionBird",
      "texture": "skin28.png",
      "cape": "cape28.png",
      "type": "free"
    },
	{
      "localization_name": "sinobimafu",
      "geometry": "geometry.ChineseMythology.SouthernSymbolVermillionBird",
      "texture": "skin28.png",
      "cape": "cape28.png",
      "type": "free"
    },
	{
      "localization_name": "neko(limao)ww",
      "geometry": "geometry.ChineseMythology.SouthernSymbolVermillionBird",
      "texture": "limao.png",
      "cape": "limaocape.png",
      "type": "free"
    },
		{
      "localization_name": "konpeki",
      "geometry": "geometry.GreekMythology.Siren",
      "texture": "skin29.png",
      "cape": "cape29.png",
      "type": "free"
    },
	{
      "localization_name": "TwT",
      "geometry": "geometry.ChineseMythology.SouthernSymbolVermillionBird",
      "texture": "mafumafuawa.png",
      "cape": "mafumafuawacape.png",
      "type": "free"
    },
	{
      "localization_name": "ryo",
      "geometry": "geometry.GreekMythology.Siren",
      "texture": "ryo.png",
      "cape": "ryocape.png",
      "type": "free"
    }
					
  ],
  "serialize_name": "By Tyzww",
  "localization_name": "By Tyzww"
}