{
  "skins": [
	{
      "localization_name": "1",
      "geometry": "geometry.GreekMythology.Siren",
      "texture": "skin1.png",
      "cape": "cape1.png",
      "type": "free"
    },
	{
      "localization_name": "2",
      "geometry": "geometry.GreekMythology.Siren",
      "texture": "skin2.png",
      "cape": "cape2.png",
      "type": "free"
    },
	{
      "localization_name": "3",
      "geometry": "geometry.GreekMythology.Siren",
      "texture": "skin3.png",
      "cape": "cape3.png",
      "type": "free"
    },
	{
      "localization_name": "4",
      "geometry": "geometry.GreekMythology.Siren",
      "texture": "skin4.png",
      "cape": "cape4.png",
      "type": "free"
    },
	{
      "localization_name": "5",
      "geometry": "geometry.GreekMythology.Siren",
      "texture": "skin5.png",
      "cape": "cape5.png",
      "type": "free"
    },
	{
      "localization_name": "6",
      "geometry": "geometry.GreekMythology.Siren",
      "texture": "skin6.png",
      "cape": "cape6.png",
      "type": "free"
    },
	{
      "localization_name": "7",
      "geometry": "geometry.GreekMythology.Siren",
      "texture": "skin7.png",
      "cape": "cape7.png",
      "type": "free"
    },
	{
      "localization_name": "8",
      "geometry": "geometry.GreekMythology.Siren",
      "texture": "skin8.png",
      "cape": "cape8.png",
      "type": "free"
    },
	{
      "localization_name": "9",
      "geometry": "geometry.GreekMythology.Siren",
      "texture": "skin9.png",
      "cape": "cape9.png",
      "animations": {
        "move.arms": "animation.player.move.arms.zombie"
      },
      "type": "free"
    },
	{
      "localization_name": "10",
      "geometry": "geometry.GreekMythology.Siren",
      "texture": "skin10.png",
      "cape": "cape10.png",
      "type": "free"
    },
	{
      "localization_name": "11",
      "geometry": "geometry.GreekMythology.Siren",
      "texture": "skin11.png",
      "cape": "cape11.png",
      "type": "free"
    }
	
					
  ],
  "serialize_name": "By Tyzww",
  "localization_name": "By Tyzww"
}