{
  "skins": [
	{
      "localization_name": "stolen_skin0",
      "geometry": "geometry.HolidaySkinPack2015.Tomte",
      "texture": "skin1.png",
      "cape": "cape1.png",
      "type": "free"
    },
	{
      "localization_name": "ganyu",
      "geometry": "geometry.ChineseMythology.DragonMotherGoddessLongmu",
      "texture": "skin2.png",
      "cape": "cape2.png",
      "type": "free"
    },
	{
      "localization_name": "cow",
      "geometry": "geometry.MiniGameMasters.WolfTumbler",
      "texture": "skin3.png",
      "cape": "cape3.png",
      "type": "free"
    },
	{
      "localization_name": "soraru",
      "geometry": "geometry.HolidaySkinPack2015.Tomte",
      "texture": "skin4.png",
      "cape": "cape4.png",
      "type": "free"
    },
	{
      "localization_name": "itijyouharuhiko",
      "geometry": "geometry.NorseMythology.Ratatoskr",
      "texture": "skin5.png",
      "cape": "cape5.png",
      "type": "free"
    },
	{
      "localization_name": "limao",
      "geometry": "geometry.HolidaySkinPack2015.Tomte",
      "texture": "skin6.png",
      "cape": "cape6.png",
      "type": "free"
    },
	{
      "localization_name": "kuruna",
      "geometry": "geometry.NorseMythology.Ratatoskr",
      "texture": "skin7.png",
      "cape": "cape7.png",
      "type": "free"
    },
	{
      "localization_name": "jyuuzou0",
      "geometry": "geometry.NorseMythology.Ratatoskr",
      "texture": "skin8.png",
      "cape": "cape8.png",
      "type": "free"
    },
	{
      "localization_name": "siraga",
      "geometry": "geometry.ChineseMythology.SouthernSymbolVermillionBird",
      "texture": "skin9.png",
      "cape": "cape9.png",
      "type": "free"
    },
	{
      "localization_name": "stolen_skin1",
      "geometry": "geometry.GreekMythology.Siren",
      "texture": "skin10.png",
      "cape": "cape10.png",
      "type": "free"
    },
	{
      "localization_name": "mafumafu",
      "geometry": "geometry.HolidaySkinPack2015.Tomte",
      "texture": "skin11.png",
      "cape": "cape11.png",
      "type": "free"
    },
	{
      "localization_name": "waiguaqisiwolee",
      "geometry": "geometry.HolidaySkinPack2015.Tomte",
      "texture": "skin12.png",
      "cape": "cape12.png",
      "type": "free"
    },
	{
      "localization_name": "jyuuzou1",
      "geometry": "geometry.NorseMythology.Ratatoskr",
      "texture": "skin13.png",
      "cape": "cape3.png",
      "type": "free"
    },
	{
      "localization_name": "caixukun",
      "geometry": "geometry.GreekMythology.Siren",
      "texture": "skin14.png",
      "cape": "cape14.png",
      "type": "free"
    },
	{
      "localization_name": "takatukisennsei",
      "geometry": "geometry.NorseMythology.Sol",
      "texture": "skin15.png",
      "cape": "cape15.png",
      "type": "free"
    },
	{
      "localization_name": "stolen_skin2",
      "geometry": "geometry.NorseMythology.Ratatoskr",
      "texture": "skin16.png",
      "cape": "cape16.png",
      "type": "free"
    },
{
      "localization_name": "stolen_skin3",
      "geometry": "geometry.NorseMythology.Ratatoskr",
      "texture": "skin17.png",
      "cape": "cape17.png",
      "type": "free"
    },
	{
      "localization_name": "stolen_skin4",
      "geometry": "geometry.ChineseMythology.SouthernSymbolVermillionBird",
      "texture": "skin18.png",
      "cape": "cape18.png",
      "type": "free"
    },
	{
      "localization_name": "short",
      "geometry": "geometry.StevenUniverse.Aquamarine",
      "texture": "skin19.png",
      "cape": "cape19idkLOL.png",
      "animations": {
        "move.arms": "animation.player.move.arms.zombie"
      },
      "type": "free"
    },
	{
      "localization_name": "kirua_zz",
      "geometry": "geometry.ChineseMythology.SouthernSymbolVermillionBird",
      "texture": "skin20.png",
      "cape": "cape20.png",
      "type": "free"
    },
	{
      "localization_name": "stolen_skin_vgw",
      "geometry": "geometry.ChineseMythology.SouthernSymbolVermillionBird",
      "texture": "skin21.png",
      "cape": "cape21.png",
      "type": "free"
    },
	{
      "localization_name": "stolen_make_1",
      "geometry": "geometry.NorseMythology.Sol",
      "texture": "skin22.png",
      "cape": "cape22.png",
      "type": "free"
    },
	{
      "localization_name": "Kamumua",
      "geometry": "geometry.StevenUniverse.Aquamarine",
      "texture": "skin23.png",
      "cape": "cape23.png",
      "animations": {
        "move.arms": "animation.player.move.arms.zombie"
      },
      "type": "free"
    },
	{
      "localization_name": "Kamuamua_ears",
      "geometry": "geometry.MiniGameMasters.WolfTumbler",
      "texture": "skin24.png",
      "cape": "cape24.png",
      "type": "free"
    },
	{
      "localization_name": "stolen_skin_i6yy",
      "geometry": "geometry.ChineseMythology.SouthernSymbolVermillionBird",
      "texture": "skin25.png",
      "cape": "cape25.png",
      "type": "free"
    },
	{
      "localization_name": "mix_skin_but_good",
      "geometry": "geometry.HolidaySkinPack2015.Tomte",
      "texture": "skin26.png",
      "cape": "cape26.png",
      "type": "free"
    },
	{
      "localization_name": "half_skeleton",
      "geometry": "geometry.MashUpHalloween.AlexAnatomy",
      "texture": "skin27.png",
      "cape": "cape27.png",
      "animations": {
        "move.arms": "animation.player.move.arms.zombie"
      },
      "type": "free"
    },
	{
      "localization_name": "raiden",
      "geometry": "geometry.ChineseMythology.SouthernSymbolVermillionBird",
      "texture": "skin28.png",
      "cape": "cape28.png",
      "type": "free"
    },
	{
      "localization_name": "kiruaI",
      "geometry": "geometry.ChineseMythology.SouthernSymbolVermillionBird",
      "texture": "skin29.png",
      "cape": "cape29.png",
      "type": "free"
    },
	{
      "localization_name": "woc_ts",
      "geometry": "geometry.FINALFANTASYXVSkinPack.Shiva",
      "texture": "skin30.png",
      "cape": "cape30.png",
      "type": "free"
    },
	{
      "localization_name": "EE",
      "geometry": "geometry.HolidaySkinPack2015.Tomte",
      "texture": "skin31.png",
      "cape": "cape31.png",
      "type": "free"
    }
  ],
  "serialize_name": "By Tyzww",
  "localization_name": "By Tyzww"
}